<?xml version="1.0" encoding="UTF-8"?>
<project-private xmlns="http://www.netbeans.org/ns/project-private/1">
    <editor-bookmarks xmlns="http://www.netbeans.org/ns/editor-bookmarks/2" lastBookmarkId="0"/>
    <open-files xmlns="http://www.netbeans.org/ns/projectui-open-files/2">
        <group>
            <file>file:/C:/Users/kiq/OneDrive/Área%20de%20Trabalho/FEI/3%20ciclo/java/222210114_Kaique_Fernandes_Projeto/src/pkg222210114_kaique_fernandes_projeto/view/Principal.java</file>
            <file>file:/C:/Users/kiq/OneDrive/Área%20de%20Trabalho/FEI/3%20ciclo/java/222210114_Kaique_Fernandes_Projeto/src/controller/Animacao.java</file>
            <file>file:/C:/Users/kiq/OneDrive/Área%20de%20Trabalho/FEI/3%20ciclo/java/222210114_Kaique_Fernandes_Projeto/src/model/ResultadosEletron.java</file>
            <file>file:/C:/Users/kiq/OneDrive/Área%20de%20Trabalho/FEI/3%20ciclo/java/222210114_Kaique_Fernandes_Projeto/src/pkg222210114_kaique_fernandes_projeto/view/Animacao.java</file>
            <file>file:/C:/Users/kiq/OneDrive/Área%20de%20Trabalho/FEI/3%20ciclo/java/222210114_Kaique_Fernandes_Projeto/src/dao/DadosDAO.java</file>
            <file>file:/C:/Users/kiq/OneDrive/Área%20de%20Trabalho/FEI/3%20ciclo/java/222210114_Kaique_Fernandes_Projeto/src/controller/control.java</file>
        </group>
    </open-files>
</project-private>
